{
	"floatList" : 
	{
		"3bamorphs" : 
		[
			0.0,
			0.0,
			0.0,
			0.0,
			0.0,
			0.0,
			0.0,
			0.0,
			0.0,
			0.0,
			0.0,
			0.0,
			0.0,
			0.0,
			0.0,
			1.0,
			0.40000000596046448,
			0.0,
			0.0,
			1.0,
			-0.099999994039535522,
			0.80000001192092896,
			0.19999998807907104,
			0.5,
			0.29999998211860657,
			0.0,
			1.0,
			1.0,
			0.59999996423721313,
			1.0,
			0.60000002384185791,
			-0.10000000149011612,
			0.0,
			0.0,
			0.0,
			0.0,
			0.0,
			0.0,
			0.0,
			0.0
		],
		"bhunp3morphs" : 
		[
			0.0,
			0.0,
			0.0,
			0.0,
			0.0,
			0.0,
			0.0,
			0.0,
			0.0,
			0.0,
			0.0,
			0.0,
			0.0,
			0.0,
			0.0,
			0.0,
			0.0,
			0.0,
			0.0,
			0.0,
			0.0,
			0.0,
			0.0,
			0.0,
			0.0,
			0.0,
			0.0,
			0.0,
			0.0,
			0.0,
			0.0,
			0.0,
			0.0,
			0.0,
			0.0,
			0.0,
			0.0,
			0.0,
			0.0,
			0.0,
			0.0,
			0.0,
			0.0
		],
		"bhunpmorphs" : 
		[
			-0.79999995231628418,
			0.0,
			0.0,
			0.0,
			0.0,
			0.5,
			0.0,
			0.0,
			0.0,
			0.0,
			1.1999999284744263,
			0.59999996423721313,
			0.0,
			0.5,
			-0.19999998807907104,
			0.0,
			0.0,
			0.0,
			0.0,
			0.0,
			0.0,
			1.0,
			2.0,
			0.0,
			1.1999999284744263,
			-0.5,
			0.0,
			-0.19999998807907104,
			1.1999999284744263,
			0.0,
			0.0,
			0.0,
			0.0,
			0.0,
			0.0,
			0.0,
			0.0,
			0.0,
			0.0,
			0.0,
			0.0,
			0.0,
			0.0
		],
		"bonemorphs" : 
		[
			1.1100000143051147,
			1.0,
			1.0,
			1.0,
			1.0,
			1.0,
			1.0,
			1.0,
			1.0,
			1.0,
			1.0,
			1.0,
			1.0,
			1.0,
			1.0,
			1.0,
			1.0749999284744263,
			0.98499995470046997,
			1.0,
			1.0,
			1.0,
			1.0,
			1.0,
			1.0,
			1.0,
			1.0,
			1.0,
			1.0,
			1.0,
			1.0,
			1.0,
			1.0,
			1.0,
			1.0,
			1.0,
			1.0,
			1.0,
			1.0,
			1.0,
			1.0,
			1.0,
			1.0,
			1.0,
			1.0,
			1.0,
			1.0,
			1.0,
			1.0,
			1.0,
			1.0,
			1.0,
			1.0,
			1.0,
			1.0,
			1.0,
			1.0,
			1.0,
			1.0,
			1.0,
			1.0,
			1.0,
			1.0,
			1.0,
			1.0,
			1.0,
			1.0,
			1.0,
			1.0
		],
		"cbbemorphs" : 
		[
			0.0,
			0.0,
			0.0,
			0.0,
			0.19999998807907104,
			0.0,
			0.19999998807907104,
			0.0,
			0.0,
			0.0,
			1.3999999761581421,
			0.0,
			0.60000002384185791,
			0.0,
			0.0,
			0.0,
			0.0,
			0.0,
			-1.1999999284744263,
			1.0,
			-0.20000000298023224,
			0.0,
			1.0,
			0.0,
			0.0,
			0.0,
			0.0,
			0.0,
			0.0,
			1.1999999284744263,
			-0.5,
			-0.19999998807907104,
			-0.79999995231628418,
			0.5,
			-0.30000001192092896,
			0.29999998211860657,
			0.0,
			0.0,
			0.5,
			0.69999998807907104,
			0.0,
			0.0,
			0.0,
			0.0,
			0.0,
			0.0,
			0.49999997019767761,
			0.0,
			0.0,
			0.0,
			1.0,
			-0.5
		],
		"cbbesemorphs" : 
		[
			0.0,
			0.0,
			0.0,
			-0.40000000596046448,
			0.0,
			-0.19999998807907104,
			-1.0,
			0.0,
			0.0,
			0.0,
			0.0,
			0.0,
			0.0,
			0.0,
			0.0,
			1.0,
			0.0,
			0.0,
			-0.60000002384185791,
			-1.5,
			-2.0,
			-1.0,
			0.0,
			0.0,
			0.0,
			0.5,
			0.0
		],
		"malemorphs" : 
		[
			1.0,
			0.0
		],
		"uunpmorphs" : 
		[
			0.0,
			0.0,
			0.0,
			0.0,
			0.0,
			0.0,
			0.0,
			0.0,
			0.0,
			0.0,
			0.0,
			0.0,
			0.0,
			0.0,
			0.0,
			0.0,
			0.0,
			0.0,
			0.0,
			0.0,
			0.0,
			0.0,
			0.0,
			0.0,
			0.0,
			0.0,
			0.0,
			0.0,
			0.0,
			0.0,
			0.0,
			0.0,
			0.0,
			0.0,
			0.0,
			0.0,
			0.0,
			0.0,
			0.0,
			0.0,
			0.0,
			0.0,
			0.0,
			0.0,
			0.0,
			0.0,
			0.0,
			0.0,
			0.0,
			0.0,
			0.0,
			0.0,
			0.0,
			0.0,
			0.0,
			0.0,
			0.0,
			0.0,
			0.0,
			0.0,
			0.0,
			0.0,
			0.0,
			0.0,
			0.0,
			0.0,
			0.0,
			0.0,
			0.0,
			0.0,
			0.0,
			0.0,
			0.0,
			0.0
		]
	},
	"intList" : 
	{
		"mainmorphs" : 
		[
			4,
			6,
			10,
			12,
			18,
			19,
			20,
			22,
			29,
			30,
			31,
			32,
			33,
			34,
			35,
			38,
			39,
			46,
			50,
			51,
			126,
			131,
			136,
			137,
			139,
			140,
			147,
			148,
			150,
			151,
			153,
			154,
			172,
			174,
			175,
			184,
			187,
			188,
			189,
			190,
			194,
			211,
			212,
			215,
			216,
			217,
			218,
			219,
			220,
			222,
			223,
			224,
			225,
			226,
			227
		]
	}
}