{
	"floatList" : 
	{
		"3bamorphs" : 
		[
			0.0,
			0.0,
			0.0,
			0.0,
			0.0,
			0.0,
			0.0,
			0.0,
			0.0,
			0.0,
			0.0,
			0.0,
			0.0,
			0.0,
			0.0,
			1.0,
			0.40000000596046448,
			0.0,
			0.0,
			1.0,
			-0.099999994039535522,
			0.69999998807907104,
			0.19999998807907104,
			0.5,
			0.29999998211860657,
			0.0,
			0.0,
			1.0,
			0.79999995231628418,
			1.0,
			0.60000002384185791,
			-0.10000000149011612,
			0.0,
			0.0,
			0.0,
			0.0,
			0.0,
			0.0,
			0.0,
			0.5
		],
		"bhunpmorphs" : 
		[
			-0.79999995231628418,
			0.0,
			0.0,
			0.0,
			0.0,
			0.5,
			0.0,
			0.0,
			0.0,
			0.0,
			1.1999999284744263,
			0.79999995231628418,
			0.0,
			0.5,
			-0.19999998807907104,
			0.0,
			0.0,
			0.0,
			0.0,
			0.0,
			0.0,
			1.0,
			2.0,
			0.0,
			1.1999999284744263,
			-0.5,
			0.0,
			-0.19999998807907104,
			1.1999999284744263,
			0.0,
			0.0,
			0.0,
			0.0,
			0.0,
			0.0,
			0.0,
			0.0,
			0.0,
			0.0,
			0.0,
			0.0,
			0.0,
			0.0
		],
		"bonemorphs" : 
		[
			1.1000000238418579,
			1.0,
			1.0,
			1.0,
			1.0,
			1.0,
			1.0,
			1.0,
			1.0,
			1.0,
			1.0,
			1.0,
			1.0,
			1.0,
			1.0,
			1.0,
			1.0,
			1.0,
			1.0,
			1.0,
			1.0,
			1.0,
			1.0,
			1.0,
			1.0,
			1.0,
			1.0,
			1.0,
			1.0,
			1.0,
			1.0,
			1.0,
			1.0,
			1.0,
			1.0,
			1.0,
			1.0,
			1.0,
			1.0,
			1.0,
			1.0,
			1.0,
			1.0,
			1.0,
			1.0,
			1.0,
			1.0,
			1.0,
			1.0,
			1.0,
			1.0,
			1.0,
			1.0,
			1.0,
			1.0,
			1.0,
			1.0,
			1.0,
			1.0,
			1.0,
			1.0,
			1.0,
			1.0,
			1.0,
			1.0,
			1.0,
			1.0,
			1.0
		],
		"cbbemorphs" : 
		[
			0.0,
			0.20000000298023224,
			0.0,
			0.0,
			0.0,
			0.0,
			0.19999998807907104,
			0.0,
			0.0,
			0.099999994039535522,
			1.0,
			0.0,
			0.60000002384185791,
			0.0,
			0.0,
			0.0,
			0.0,
			0.0,
			-0.5,
			1.1999999284744263,
			-0.20000000298023224,
			0.0,
			1.0,
			0.0,
			0.0,
			0.0,
			0.0,
			0.0,
			0.0,
			1.1999999284744263,
			-0.5,
			-0.19999998807907104,
			-0.79999995231628418,
			0.5,
			-0.30000001192092896,
			0.69999998807907104,
			0.0,
			0.0,
			0.5,
			0.69999998807907104,
			0.0,
			0.0,
			0.0,
			0.0,
			0.0,
			0.0,
			0.29999998211860657,
			0.19999998807907104,
			0.0,
			0.0,
			1.0,
			-0.5
		],
		"cbbesemorphs" : 
		[
			0.0,
			0.0,
			0.0,
			-0.40000000596046448,
			0.0,
			-0.39999997615814209,
			-1.0,
			0.0,
			0.0,
			0.0,
			0.0,
			0.0,
			0.0,
			0.0,
			0.0,
			1.0,
			0.0,
			0.0,
			-0.60000002384185791,
			-1.5,
			-2.0,
			-1.0,
			0.0,
			0.0,
			0.0,
			0.5,
			0.0
		],
		"malemorphs" : 
		[
			1.0,
			0.0
		],
		"uunpmorphs" : 
		[
			0.0,
			0.0,
			0.0,
			0.0,
			0.0,
			0.0,
			0.0,
			0.0,
			0.0,
			0.0,
			0.0,
			0.0,
			0.0,
			0.0,
			0.0,
			0.0,
			0.0,
			0.0,
			0.0,
			0.0,
			0.0,
			0.0,
			0.0,
			0.0,
			0.0,
			0.0,
			0.0,
			0.0,
			0.0,
			0.0,
			0.0,
			0.0,
			0.0,
			0.0,
			0.0,
			0.0,
			0.0,
			0.0,
			0.0,
			0.0,
			0.0,
			0.0,
			0.0,
			0.0,
			0.0,
			0.0,
			0.0,
			0.0,
			0.0,
			0.0,
			0.0,
			0.0,
			0.0,
			0.0,
			0.0,
			0.0,
			0.0,
			0.0,
			0.0,
			0.0,
			0.0,
			0.0,
			0.0,
			0.0,
			0.0,
			0.0,
			0.0,
			0.0,
			0.0,
			0.0,
			0.0,
			0.0,
			0.0,
			0.0
		]
	},
	"intList" : 
	{
		"mainmorphs" : 
		[
			1,
			6,
			9,
			10,
			12,
			18,
			19,
			20,
			22,
			29,
			30,
			31,
			32,
			33,
			34,
			35,
			38,
			39,
			46,
			47,
			50,
			51,
			126,
			131,
			136,
			137,
			139,
			140,
			147,
			148,
			150,
			151,
			153,
			154,
			172,
			174,
			175,
			184,
			187,
			188,
			189,
			190,
			194,
			211,
			212,
			215,
			216,
			217,
			218,
			219,
			220,
			223,
			224,
			225,
			226,
			227,
			235
		]
	}
}