{
	"floatList" : 
	{
		"3bamorphs" : 
		[
			0.0,
			0.0,
			0.0,
			0.0,
			0.0,
			0.0,
			0.0,
			0.0,
			0.0,
			0.0,
			0.0,
			0.0,
			0.0,
			0.0,
			0.0,
			1.0,
			0.40000000596046448,
			0.0,
			0.0,
			0.80000001192092896,
			0.0,
			0.19999998807907104,
			0.099999994039535522,
			0.099999994039535522,
			0.10000000149011612,
			0.0,
			0.0,
			1.0,
			0.5,
			1.0,
			0.60000002384185791,
			-0.10000000149011612,
			0.0,
			0.0,
			0.0,
			0.0,
			0.0,
			0.0,
			0.0,
			1.0
		],
		"bhunpmorphs" : 
		[
			0.10000000149011612,
			1.0,
			0.0,
			0.0,
			0.0,
			0.40000000596046448,
			0.0,
			0.0,
			0.0,
			0.0,
			0.59999996423721313,
			0.39999997615814209,
			0.0,
			0.0,
			0.0,
			0.0,
			0.0,
			0.0,
			0.0,
			0.0,
			0.0,
			0.0,
			1.5,
			0.0,
			1.0,
			0.0,
			0.0,
			0.0,
			0.60000002384185791,
			0.0,
			0.0,
			0.0,
			0.0,
			0.0,
			0.0,
			0.0,
			0.0,
			0.0,
			0.0,
			0.0,
			0.0,
			0.0,
			0.0
		],
		"bonemorphs" : 
		[
			1.0499999523162842,
			1.0499999523162842
		],
		"cbbemorphs" : 
		[
			0.0,
			0.20000000298023224,
			0.0,
			-0.80000001192092896,
			-1.0,
			0.69999998807907104,
			0.0,
			-0.10000000149011612,
			1.1000000238418579,
			-0.40000000596046448,
			1.6000000238418579,
			-1.2000000476837158,
			1.2000000476837158,
			-0.60000002384185791,
			0.0,
			-0.40000000596046448,
			0.0,
			0.0,
			-1.0,
			0.20000000298023224,
			-0.20000000298023224,
			0.0,
			1.1000000238418579,
			0.10000000149011612,
			0.5,
			0.0,
			0.0,
			0.0,
			0.0,
			0.5,
			-0.44999998807907104,
			0.05000000074505806,
			-0.60000002384185791,
			0.40000000596046448,
			-0.30000001192092896,
			-0.10000000149011612,
			0.0,
			0.40000000596046448,
			0.80000001192092896,
			0.0,
			-0.60000002384185791,
			0.0,
			0.0,
			0.0,
			0.0,
			0.69999998807907104,
			-0.5,
			0.20000000298023224,
			0.0,
			0.0,
			-0.25,
			-0.25
		],
		"cbbesemorphs" : 
		[
			0.0,
			0.0,
			0.0,
			-0.40000000596046448,
			0.0,
			0.0,
			-1.0,
			0.0,
			0.0,
			0.0,
			0.0,
			0.0,
			0.0,
			0.0,
			0.0,
			1.0,
			0.0,
			0.0,
			-0.60000002384185791,
			0.0,
			-1.0,
			-1.0,
			0.0,
			0.0,
			0.0,
			0.0,
			0.0
		],
		"malemorphs" : 
		[
			1.0,
			0.0
		],
		"uunpmorphs" : 
		[
			0.0,
			0.0,
			0.0,
			0.0,
			0.0,
			0.0,
			0.0,
			0.0,
			0.0,
			0.0,
			0.0,
			0.0,
			0.0,
			0.0,
			0.0,
			0.0,
			0.0,
			0.0,
			0.0,
			0.0,
			0.0,
			0.0,
			0.0,
			0.0,
			0.0,
			0.0,
			0.0,
			0.0,
			0.0,
			0.0,
			0.0,
			0.0,
			0.0,
			0.0,
			0.0,
			0.0,
			0.0,
			0.5,
			0.0,
			0.0,
			0.0,
			0.0,
			0.0,
			0.0,
			0.0,
			0.0,
			0.0,
			0.0,
			0.0,
			0.0,
			0.0,
			0.0,
			0.0,
			0.0,
			0.0,
			0.0,
			0.0,
			0.0,
			0.0,
			0.0,
			0.0,
			0.0,
			0.0,
			0.0,
			0.0,
			0.5,
			0.0,
			0.0,
			0.0,
			0.0,
			0.0,
			0.0,
			0.0,
			0.0
		]
	},
	"intList" : 
	{
		"mainmorphs" : 
		[
			117,
			89,
			47,
			15,
			50,
			40,
			38,
			45,
			51,
			8,
			33,
			29,
			35,
			32,
			23,
			24,
			31,
			9,
			3,
			11,
			13,
			30,
			37,
			46,
			4,
			5,
			18,
			19,
			10,
			7,
			12,
			22
		]
	}
}