{
	"floatList" : 
	{
		"3bamorphs" : 
		[
			0.0,
			0.0,
			0.0,
			0.0,
			0.0,
			0.0,
			0.0,
			0.0,
			0.0,
			0.0,
			0.0,
			0.0,
			0.0,
			0.0,
			0.0,
			1.0,
			0.40000000596046448,
			0.0,
			0.0,
			0.80000001192092896,
			0.0,
			0.19999998807907104,
			0.099999994039535522,
			0.099999994039535522,
			0.10000000149011612,
			0.0,
			0.0,
			1.0,
			0.5,
			1.0,
			0.60000002384185791,
			-0.10000000149011612,
			0.0,
			0.0,
			0.0,
			0.0,
			0.0,
			0.0,
			0.0,
			1.0
		],
		"bhunpmorphs" : 
		[
			0.10000000149011612,
			1.0,
			0.0,
			0.0,
			0.0,
			0.40000000596046448,
			0.0,
			0.0,
			0.0,
			0.0,
			0.59999996423721313,
			0.39999997615814209,
			0.0,
			0.0,
			0.0,
			0.0,
			0.0,
			0.0,
			0.0,
			0.0,
			0.0,
			0.0,
			1.5,
			0.0,
			1.0,
			0.0,
			0.0,
			0.0,
			0.60000002384185791,
			0.0,
			0.0,
			0.0,
			0.0,
			0.0,
			0.0,
			0.0,
			0.0,
			0.0,
			0.0,
			0.0,
			0.0,
			0.0,
			0.0
		],
		"bonemorphs" : 
		[
			1.0499999523162842,
			1.0
		],
		"cbbemorphs" : 
		[
			0.0,
			0.20000000298023224,
			0.0,
			0.0,
			0.0,
			0.0,
			0.0,
			0.0,
			0.0,
			-0.10000000149011612,
			1.1000000238418579,
			0.0,
			0.60000002384185791,
			0.0,
			0.0,
			0.0,
			0.0,
			0.0,
			-0.5,
			1.0,
			-0.20000000298023224,
			0.0,
			0.60000002384185791,
			0.0,
			0.0,
			0.0,
			0.0,
			0.0,
			0.0,
			0.0,
			0.0,
			-0.19999998807907104,
			-0.099999994039535522,
			0.5,
			-0.30000001192092896,
			0.5,
			0.0,
			0.0,
			0.0,
			0.0,
			0.0,
			0.0,
			0.0,
			0.0,
			0.0,
			0.0,
			0.0,
			0.0,
			0.0,
			0.0,
			0.0,
			-0.5
		],
		"cbbesemorphs" : 
		[
			0.0,
			0.0,
			0.0,
			-0.40000000596046448,
			0.0,
			0.0,
			-1.0,
			0.0,
			0.0,
			0.0,
			0.0,
			0.0,
			0.0,
			0.0,
			0.0,
			1.0,
			0.0,
			0.0,
			-0.60000002384185791,
			0.0,
			-1.0,
			-1.0,
			0.0,
			0.0,
			0.0,
			0.0,
			0.0
		],
		"malemorphs" : 
		[
			1.0,
			0.0
		],
		"uunpmorphs" : 
		[
			0.0,
			0.0,
			0.0,
			0.0,
			0.0,
			0.0,
			0.0,
			0.0,
			0.0,
			0.0,
			0.0,
			0.0,
			0.0,
			0.0,
			0.0,
			0.0,
			0.0,
			0.0,
			0.0,
			0.0,
			0.0,
			0.0,
			0.0,
			0.0,
			0.0,
			0.0,
			0.0,
			0.0,
			0.0,
			0.0,
			0.0,
			0.0,
			0.0,
			0.0,
			0.0,
			0.0,
			0.0,
			0.0,
			0.0,
			0.0,
			0.0,
			0.0,
			0.0,
			0.0,
			0.0,
			0.0,
			0.0,
			0.0,
			0.0,
			0.0,
			0.0,
			0.0,
			0.0,
			0.0,
			0.0,
			0.0,
			0.0,
			0.0,
			0.0,
			0.0,
			0.0,
			0.0,
			0.0,
			0.0,
			0.0,
			0.0,
			0.0,
			0.0,
			0.0,
			0.0,
			0.0,
			0.0,
			0.0,
			0.0
		]
	},
	"intList" : 
	{
		"mainmorphs" : 
		[
			33,
			211,
			212,
			10,
			175,
			172,
			12,
			1,
			35,
			34,
			184,
			215,
			51,
			137,
			22,
			154,
			227,
			220,
			148,
			226,
			150,
			223,
			224,
			225,
			19,
			18,
			9,
			190,
			189,
			187,
			20,
			131,
			126,
			136,
			235,
			31,
			32,
			219,
			218,
			217
		]
	}
}